"","model","negL"
"1","homo",2.48209596164913
"2","glm_mu",2.4778837161505
"3","glm_p",2.20161214996326
"4","glm_both",2.20110698274719
"5","bst_mu",2.41394224992414
"6","bst_p",2.15719290601066
"7","bst_both",2.16455228497565
"8","true",2.12312747957633
