"","model","negL","error_eta","error_pif"
"1","glm_cp",0.766618356116602,0.157309811206689,0.00737013304410709
"2","glm_vp",0.767512724561375,0.158665598936094,0.0145328407699994
"3","bst_cp",0.758963113799842,0.0367280823314401,0.00029823405101767
"4","bst_vp",0.759542326850111,0.0387772706680342,0.00748319580723053
"5","true",0.753333190282969,NA,NA
