"","model","negL","error_eta","error_pif","proportion_0"
"1","null",0.529854527114189,0.179487352444233,0.115137505122188,0.830805242289128
"2","glm_cp",0.525794167928516,0.165413761510457,0.111150153933592,0.828499551623437
"3","glm_vp",0.525663579150553,0.17760319372853,0.115855131158403,0.824644741701183
"4","bst_cp",0.523359547555846,0.0928002538230309,0.111415618436966,0.831630971835824
"5","bst_vp",0.519882946888819,0.0587630529644306,0.0687090602400992,0.831626245758482
"6","true",0.514957440095807,NA,NA,0.831
